{
  "area": [
    {
      "height": 79.66666666666674,
      "match": 95,
      "type": "match",
      "width": 81.33333333333326,
      "xpos": 376.33333333333337,
      "ypos": 621.9999999999999
    },
    {
      "height": 81.00000000000023,
      "match": 95,
      "type": "match",
      "width": 91.33333333333331,
      "xpos": 95,
      "ypos": 623.3333333333331
    },
    {
      "height": 82.33333333333314,
      "match": 95,
      "type": "match",
      "width": 119.66666666666669,
      "xpos": 626.3333333333334,
      "ypos": 620.6666666666669
    }
  ],
  "properties": [],
  "tags": [
    "plasma-mobile-dialer",
    "ENV-DISTRI-neon-mobile"
  ]
}
