{
  "area": [
    {
      "height": 562.2857142857142,
      "match": 95,
      "type": "match",
      "width": 971,
      "xpos": 25,
      "ypos": 103.71428571428572
    }
  ],
  "properties": [],
  "tags": [
    "oem-config"
  ]
}
