{
  "area": [
    {
      "height": 12,
      "match": 95,
      "type": "match",
      "width": 64,
      "xpos": 687.7000000000002,
      "ypos": 20.100000000000005
    },
    {
      "height": 25.142857142857157,
      "match": 95,
      "type": "match",
      "width": 30.317460317461155,
      "xpos": 721.5555555555559,
      "ypos": 1.682539682539666
    }
  ],
  "properties": [],
  "tags": [
    "breeze-close",
    "ENV-DISTRI-neon"
  ]
}
