{
  "area": [
    {
      "height": 18.285714285714306,
      "match": 95,
      "type": "match",
      "width": 139.23076923076923,
      "xpos": 0,
      "ypos": 73.5164835164835
    }
  ],
  "tags": [
    "konsole-sudo-passwordprompt",
    "sudo-passwordprompt"
  ]
}
