{
  "area": [
    {
      "height": 79.71428571428567,
      "match": 90,
      "type": "match",
      "width": 455,
      "xpos": 251,
      "ypos": 162.28571428571433
    },
    {
      "height": 28.14285714285711,
      "match": 90,
      "type": "match",
      "width": 64,
      "xpos": 323,
      "ypos": 418
    },
    {
      "height": 34.66666666666674,
      "match": 90,
      "type": "match",
      "width": 409,
      "xpos": 321,
      "ypos": 333.33333333333326
    },
    {
      "height": 29,
      "match": 90,
      "type": "match",
      "width": 351.3047619047619,
      "xpos": 397.6952380952381,
      "ypos": 418
    }
  ],
  "properties": [],
  "tags": [
    "policykit"
  ]
}

