{
  "area": [
    {
      "height": 16.670807453416202,
      "match": 90,
      "type": "match",
      "width": 157.42857142857142,
      "xpos": 0,
      "ypos": 208.28571428571425
    }
  ],
  "tags": [
    "tty-sudo-passwordprompt",
    "sudo-passwordprompt"
  ]
}
