{
  "area": [
    {
      "height": 28.799999999999955,
      "match": 95,
      "type": "match",
      "width": 125,
      "xpos": 0,
      "ypos": 321.20000000000005
    }
  ],
  "tags": [
    "tty-logged-in"
  ]
}
