{
  "area": [
    {
      "height": 22.857142857142833,
      "match": 95,
      "type": "match",
      "width": 23.714285714285694,
      "xpos": 102.28571428571426,
      "ypos": 321.4285714285715
    },
    {
      "height": 28.799999999999955,
      "match": 95,
      "type": "match",
      "width": 40.85714285714283,
      "xpos": 0,
      "ypos": 321.20000000000005
    }
  ],
  "tags": [
    "tty-logged-in"
  ]
}
