{
  "area": [
    {
      "height": 22,
      "match": 95,
      "type": "match",
      "width": 36,
      "xpos": 277.9122807017543,
      "ypos": 15.94736842105263
    },
    {
      "height": 24,
      "match": 95,
      "type": "match",
      "width": 73.36032388663963,
      "xpos": 61.902834008097216,
      "ypos": 31.210526315789465
    }
  ],
  "tags": [
    "tty6-selected"
  ]
}
