{
  "area": [
    {
      "height": 22,
      "match": 90,
      "type": "match",
      "width": 36,
      "xpos": 277.9122807017543,
      "ypos": 15.94736842105263
    },
    {
      "height": 17.862838915470487,
      "match": 90,
      "type": "match",
      "width": 51.465587044534345,
      "xpos": 61.902834008097216,
      "ypos": 31.894736842105264
    }
  ],
  "tags": [
    "tty6-selected"
  ]
}
