{
  "area": [
    {
      "height": 15.171428571428493,
      "match": 85,
      "type": "match",
      "width": 23.714285714285694,
      "xpos": 102.28571428571426,
      "ypos": 321.4285714285715
    },
    {
      "height": 15.599999999999966,
      "match": 85,
      "type": "match",
      "width": 39.71428571428572,
      "xpos": 0.8571428571428612,
      "ypos": 321.4857142857144
    }
  ],
  "tags": [
    "tty-logged-in",
    "log-console"
  ]
}
