{
  "area": [
    {
      "height": 17.39999999999999,
      "match": 95,
      "type": "match",
      "width": 50.400000000000006,
      "xpos": 61.599999999999994,
      "ypos": 32.00000000000001
    },
    {
      "height": 15.999999999999993,
      "match": 95,
      "type": "match",
      "width": 73,
      "xpos": 0,
      "ypos": 49.80000000000001
    },
    {
      "height": 15.75,
      "match": 90,
      "type": "match",
      "width": 248,
      "xpos": 0,
      "ypos": 81
    }
  ],
  "tags": [
    "tty-login-incorrect"
  ]
}

