{
  "area": [
    {
      "height": 14.93732193732194,
      "match": 90,
      "type": "match",
      "width": 122,
      "xpos": 0,
      "ypos": 48.69230769230769
    }
  ],
  "tags": [
    "tty-password"
  ]
}
