{
  "area": [
    {
      "height": 30.22222222222223,
      "match": 95,
      "type": "match",
      "width": 31.93333333333335,
      "xpos": 1.6666666666666643,
      "ypos": 733.9999999999998
    }
  ],
  "properties": [],
  "tags": [
    "kickoff",
    "ENV-DISTRI-neon"
  ]
}
