{
  "area": [
    {
      "height": 29.666666666666657,
      "match": 64,
      "type": "match",
      "width": 53.00000000000006,
      "xpos": 145.66666666666663,
      "ypos": 32.33333333333334
    },
    {
      "height": 34.5,
      "match": 95,
      "type": "match",
      "width": 305,
      "xpos": 0,
      "ypos": 733
    },
    {
      "height": 30.461538461538474,
      "match": 65,
      "type": "match",
      "width": 50.560606060606005,
      "xpos": 32.439393939393995,
      "ypos": 31
    }
  ],
  "properties": [],
  "tags": [
    "folder-desktop",
    "ENV-DISTRI-neon",
    "folder-desktop-512",
    "ENV-TYPE-useredition",
    "ENV-TYPE-userltsedition",
    "ENV-TYPE-devedition-gitstable"
  ]
}

