{
  "area": [
    {
      "height": 33.5128205128205,
      "match": 64,
      "type": "match",
      "width": 53.00000000000006,
      "xpos": 135.66666666666663,
      "ypos": 34.33333333333334
    },
    {
      "height": 34.5,
      "match": 95,
      "type": "match",
      "width": 305,
      "xpos": 0,
      "ypos": 733
    },
    {
      "height": 35.26153846153846,
      "match": 65,
      "type": "match",
      "width": 55.72727272727275,
      "xpos": 25.93939393939398,
      "ypos": 33.20000000000001
    }
  ],
  "properties": [],
  "tags": [
    "folder-desktop",
    "ENV-DISTRI-neon",
    "folder-desktop-512",
    "ENV-TYPE-useredition",
    "ENV-TYPE-userltsedition",
    "ENV-TYPE-devedition-gitstable"
  ]
}

