{
  "area": [
    {
      "height": 16.363636363636367,
      "match": 95,
      "type": "match",
      "width": 177.33333333333337,
      "xpos": 0,
      "ypos": 16.545454545454543
    }
  ],
  "properties": [],
  "tags": [
    "mokutil-sb-on"
  ]
}
