{
  "area": [
    {
      "height": 20.400000000000034,
      "match": 95,
      "type": "match",
      "width": 163,
      "xpos": 0,
      "ypos": 172.79999999999998
    }
  ],
  "properties": [],
  "tags": [
    "ovmf-select-bootmgr"
  ]
}
